tick,target_weapon_melee,target_weapon_mage,target_weapon_ranged,target_melee_atk_bonus,target_magic_atk_bonus,target_ranged_atk_bonus,target_melee_str_bonus,target_magic_str_bonus,target_ranged_str_bonus,target_distance,target_frozen_ticks,target_attack_cycle_ticks,target_special_percent,target_just_attacked,target_has_magic_spec_weapon,target_equipped_weapon_spec_cost,player_hp_pct,actual_attack_style
--- NEW FIGHT STARTED @ 2026-04-20 20:38:45 ---
tick,target_weapon_melee,target_weapon_mage,target_weapon_ranged,target_melee_atk_bonus,target_magic_atk_bonus,target_ranged_atk_bonus,target_melee_str_bonus,target_magic_str_bonus,target_ranged_str_bonus,target_distance,target_frozen_ticks,target_attack_cycle_ticks,target_special_percent,target_just_attacked,target_has_magic_spec_weapon,target_equipped_weapon_spec_cost,player_hp_pct,actual_attack_style
0,0.0,1.0,0.0,82.0,116.0,0.0,84.0,31.0,0.0,0.0,0.0,0.0,100.0,0.0,0,0.0,1.0,0.0
1,0.0,1.0,0.0,82.0,116.0,0.0,84.0,31.0,0.0,1.0,0.0,0.0,100.0,0.0,0,0.0,1.0,0.0
2,0.0,1.0,0.0,82.0,116.0,0.0,84.0,31.0,0.0,1.0,0.0,0.0,100.0,0.0,0,0.0,1.0,0.0
3,0.0,1.0,0.0,82.0,116.0,0.0,84.0,31.0,0.0,1.0,0.0,0.0,100.0,0.0,0,0.0,1.0,0.0
4,0.0,1.0,0.0,82.0,116.0,0.0,84.0,31.0,0.0,1.0,0.0,0.0,100.0,0.0,0,0.0,1.0,0.0
5,0.0,0.0,1.0,19.0,-22.0,162.0,28.0,0.0,0.0,1.0,0.0,4.0,100.0,1.0,0,75.0,1.0,3.0
6,0.0,0.0,1.0,19.0,-22.0,162.0,28.0,0.0,0.0,1.0,31.0,3.0,100.0,0.0,0,75.0,0.8888888955116272,3.0
7,0.0,0.0,1.0,19.0,-22.0,162.0,28.0,0.0,0.0,3.0,30.0,2.0,100.0,0.0,0,75.0,0.8888888955116272,3.0
8,0.0,0.0,1.0,19.0,-22.0,162.0,28.0,0.0,0.0,5.0,29.0,1.0,100.0,0.0,0,75.0,0.8888888955116272,3.0
9,0.0,0.0,1.0,19.0,-22.0,162.0,28.0,0.0,0.0,6.0,28.0,0.0,100.0,0.0,0,75.0,0.8888888955116272,3.0
10,0.0,0.0,1.0,19.0,-22.0,162.0,28.0,0.0,0.0,6.0,27.0,0.0,100.0,0.0,0,75.0,0.8888888955116272,3.0
11,0.0,0.0,1.0,19.0,-22.0,162.0,28.0,0.0,0.0,7.0,26.0,4.0,100.0,1.0,0,75.0,0.8888888955116272,3.0
12,0.0,0.0,1.0,19.0,-22.0,162.0,28.0,0.0,0.0,6.0,25.0,3.0,100.0,0.0,0,75.0,0.8888888955116272,3.0
13,0.0,0.0,1.0,19.0,-22.0,162.0,28.0,0.0,0.0,5.0,24.0,2.0,100.0,0.0,0,75.0,0.7575757503509521,3.0
14,0.0,0.0,1.0,19.0,-22.0,162.0,28.0,0.0,0.0,4.0,23.0,1.0,100.0,0.0,0,75.0,0.7575757503509521,3.0
15,0.0,0.0,1.0,19.0,-22.0,162.0,28.0,0.0,0.0,5.0,22.0,0.0,100.0,0.0,0,75.0,0.7575757503509521,3.0
16,0.0,0.0,1.0,19.0,-22.0,162.0,28.0,0.0,0.0,5.0,21.0,4.0,100.0,1.0,0,75.0,0.7575757503509521,3.0
17,0.0,0.0,1.0,19.0,-22.0,162.0,28.0,0.0,0.0,5.0,20.0,3.0,100.0,0.0,0,75.0,0.7575757503509521,3.0
18,0.0,0.0,1.0,19.0,-22.0,162.0,28.0,0.0,0.0,6.0,19.0,2.0,100.0,0.0,0,75.0,0.7575757503509521,3.0
19,0.0,0.0,1.0,19.0,-22.0,162.0,28.0,0.0,0.0,4.0,18.0,1.0,100.0,0.0,0,75.0,0.7575757503509521,3.0
20,0.0,0.0,1.0,19.0,-22.0,162.0,28.0,0.0,0.0,6.0,17.0,0.0,100.0,0.0,0,75.0,0.7575757503509521,3.0
21,0.0,0.0,1.0,19.0,-22.0,162.0,28.0,0.0,0.0,4.0,16.0,4.0,100.0,1.0,0,75.0,0.7575757503509521,3.0
22,0.0,0.0,1.0,19.0,-22.0,162.0,28.0,0.0,0.0,6.0,15.0,3.0,100.0,0.0,0,75.0,0.7575757503509521,3.0
23,0.0,0.0,1.0,19.0,-22.0,162.0,28.0,0.0,0.0,7.0,14.0,2.0,100.0,0.0,0,75.0,0.4747474789619446,3.0
24,0.0,0.0,1.0,19.0,-22.0,162.0,28.0,0.0,0.0,5.0,13.0,1.0,100.0,0.0,0,75.0,0.6969696879386902,3.0
25,0.0,0.0,1.0,19.0,-22.0,162.0,28.0,0.0,0.0,5.0,12.0,0.0,100.0,0.0,0,75.0,0.6969696879386902,3.0
26,0.0,0.0,1.0,19.0,-22.0,162.0,28.0,0.0,0.0,7.0,11.0,4.0,100.0,1.0,0,75.0,0.6969696879386902,3.0
27,0.0,0.0,1.0,19.0,-22.0,162.0,28.0,0.0,0.0,5.0,10.0,3.0,100.0,0.0,0,75.0,0.6969696879386902,3.0
28,0.0,0.0,1.0,19.0,-22.0,162.0,28.0,0.0,0.0,6.0,9.0,2.0,100.0,0.0,0,75.0,0.6969696879386902,3.0
29,0.0,0.0,1.0,19.0,-22.0,162.0,28.0,0.0,0.0,4.0,8.0,1.0,100.0,0.0,0,75.0,0.6969696879386902,3.0
30,0.0,0.0,1.0,19.0,-22.0,162.0,28.0,0.0,0.0,6.0,7.0,0.0,100.0,0.0,0,75.0,0.6969696879386902,3.0
31,0.0,0.0,1.0,19.0,-22.0,162.0,28.0,0.0,0.0,6.0,6.0,4.0,100.0,1.0,0,75.0,0.7171717286109924,3.0
32,0.0,0.0,1.0,19.0,-22.0,162.0,28.0,0.0,0.0,7.0,5.0,3.0,100.0,0.0,0,75.0,0.7171717286109924,3.0
33,0.0,0.0,1.0,19.0,-22.0,162.0,28.0,0.0,0.0,6.0,4.0,2.0,100.0,0.0,0,75.0,0.4747474789619446,3.0
34,0.0,0.0,1.0,19.0,-22.0,162.0,28.0,0.0,0.0,6.0,3.0,1.0,100.0,0.0,0,75.0,0.6969696879386902,3.0
35,0.0,0.0,1.0,19.0,-22.0,162.0,28.0,0.0,0.0,4.0,2.0,0.0,100.0,0.0,0,75.0,0.6969696879386902,3.0
36,0.0,0.0,1.0,19.0,-22.0,162.0,28.0,0.0,0.0,6.0,1.0,4.0,100.0,1.0,0,75.0,0.6969696879386902,3.0
37,0.0,0.0,1.0,19.0,-22.0,162.0,28.0,0.0,0.0,4.0,0.0,3.0,100.0,0.0,0,75.0,0.6969696879386902,3.0
38,0.0,0.0,1.0,19.0,-22.0,162.0,28.0,0.0,0.0,0.0,0.0,2.0,100.0,0.0,0,75.0,0.6969696879386902,3.0
39,0.0,0.0,1.0,19.0,-22.0,162.0,28.0,0.0,0.0,1.0,0.0,1.0,100.0,0.0,0,75.0,0.6969696879386902,3.0
40,0.0,0.0,1.0,19.0,-22.0,162.0,28.0,0.0,0.0,1.0,0.0,0.0,100.0,0.0,0,75.0,0.6969696879386902,3.0
41,1.0,0.0,0.0,128.0,-22.0,48.0,116.0,0.0,0.0,1.0,0.0,3.0,50.0,1.0,1,50.0,0.6969696879386902,2.0
42,1.0,0.0,0.0,128.0,-22.0,48.0,116.0,0.0,0.0,1.0,0.0,2.0,50.0,0.0,1,50.0,0.1818181872367859,2.0
43,1.0,0.0,0.0,128.0,-22.0,48.0,116.0,0.0,0.0,1.0,0.0,1.0,50.0,0.0,1,50.0,0.4040403962135315,2.0
44,1.0,0.0,0.0,128.0,-22.0,48.0,116.0,0.0,0.0,1.0,0.0,0.0,50.0,0.0,1,50.0,0.4040403962135315,2.0
45,0.0,1.0,0.0,82.0,116.0,0.0,84.0,31.0,0.0,1.0,0.0,4.0,50.0,1.0,1,0.0,0.4040403962135315,2.0
46,0.0,1.0,0.0,82.0,116.0,0.0,84.0,31.0,0.0,0.0,0.0,3.0,50.0,0.0,1,0.0,0.6262626051902771,2.0
47,0.0,1.0,0.0,82.0,116.0,0.0,84.0,31.0,0.0,0.0,0.0,2.0,50.0,0.0,1,0.0,0.4848484992980957,2.0
48,0.0,1.0,0.0,82.0,116.0,0.0,84.0,31.0,0.0,1.0,0.0,1.0,50.0,0.0,1,0.0,0.4848484992980957,2.0
49,0.0,1.0,0.0,82.0,116.0,0.0,84.0,31.0,0.0,0.0,0.0,0.0,50.0,0.0,1,0.0,0.7070707082748413,2.0
50,0.0,1.0,0.0,82.0,116.0,0.0,84.0,31.0,0.0,1.0,0.0,4.0,50.0,1.0,1,0.0,0.7070707082748413,2.0
51,0.0,1.0,0.0,82.0,116.0,0.0,84.0,31.0,0.0,0.0,0.0,3.0,50.0,0.0,1,0.0,0.7070707082748413,2.0
52,0.0,1.0,0.0,82.0,116.0,0.0,84.0,31.0,0.0,1.0,0.0,2.0,50.0,0.0,1,0.0,0.7070707082748413,2.0
53,0.0,0.0,1.0,19.0,-22.0,162.0,28.0,0.0,0.0,0.0,0.0,1.0,50.0,0.0,1,75.0,0.7070707082748413,2.0
54,0.0,0.0,1.0,19.0,-22.0,162.0,28.0,0.0,0.0,1.0,0.0,0.0,50.0,0.0,1,75.0,0.7070707082748413,2.0
55,0.0,0.0,1.0,19.0,-22.0,162.0,28.0,0.0,0.0,1.0,0.0,4.0,50.0,1.0,1,75.0,0.7070707082748413,3.0
56,0.0,0.0,1.0,19.0,-22.0,162.0,28.0,0.0,0.0,0.0,0.0,3.0,50.0,0.0,1,75.0,0.7070707082748413,3.0
57,0.0,0.0,1.0,19.0,-22.0,162.0,28.0,0.0,0.0,1.0,0.0,2.0,50.0,0.0,1,75.0,0.6363636255264282,3.0
58,0.0,0.0,1.0,19.0,-22.0,162.0,28.0,0.0,0.0,1.0,31.0,1.0,50.0,0.0,1,75.0,0.6363636255264282,3.0
59,0.0,0.0,1.0,19.0,-22.0,162.0,28.0,0.0,0.0,1.0,30.0,0.0,50.0,0.0,1,75.0,0.6363636255264282,3.0
60,0.0,0.0,1.0,19.0,-22.0,162.0,28.0,0.0,0.0,1.0,29.0,4.0,50.0,1.0,1,75.0,0.6363636255264282,3.0
61,0.0,0.0,1.0,19.0,-22.0,162.0,28.0,0.0,0.0,1.0,28.0,3.0,50.0,0.0,1,75.0,0.6363636255264282,3.0
62,0.0,0.0,1.0,19.0,-22.0,162.0,28.0,0.0,0.0,1.0,27.0,2.0,50.0,0.0,1,75.0,0.4343434274196625,3.0
63,0.0,0.0,1.0,19.0,-22.0,162.0,28.0,0.0,0.0,1.0,26.0,1.0,50.0,0.0,1,75.0,0.4343434274196625,3.0
64,0.0,0.0,1.0,19.0,-22.0,162.0,28.0,0.0,0.0,1.0,25.0,0.0,50.0,0.0,1,75.0,0.6565656661987305,3.0
65,0.0,0.0,1.0,19.0,-22.0,162.0,28.0,0.0,0.0,1.0,24.0,4.0,50.0,1.0,1,75.0,0.6565656661987305,3.0
66,0.0,0.0,1.0,19.0,-22.0,162.0,28.0,0.0,0.0,1.0,23.0,3.0,50.0,0.0,1,75.0,0.6565656661987305,3.0
67,0.0,0.0,1.0,19.0,-22.0,162.0,28.0,0.0,0.0,1.0,22.0,2.0,50.0,0.0,1,75.0,0.5252525210380554,3.0
68,0.0,0.0,1.0,19.0,-22.0,162.0,28.0,0.0,0.0,1.0,21.0,1.0,50.0,0.0,1,75.0,0.747474730014801,3.0
69,0.0,0.0,1.0,19.0,-22.0,162.0,28.0,0.0,0.0,3.0,20.0,0.0,50.0,0.0,1,75.0,0.747474730014801,3.0
70,0.0,0.0,1.0,19.0,-22.0,162.0,28.0,0.0,0.0,5.0,19.0,4.0,50.0,1.0,1,75.0,0.747474730014801,3.0
71,0.0,0.0,1.0,19.0,-22.0,162.0,28.0,0.0,0.0,7.0,18.0,3.0,50.0,0.0,1,75.0,0.747474730014801,3.0
72,0.0,0.0,1.0,19.0,-22.0,162.0,28.0,0.0,0.0,5.0,17.0,2.0,50.0,0.0,1,75.0,0.747474730014801,3.0
73,0.0,0.0,1.0,19.0,-22.0,162.0,28.0,0.0,0.0,4.0,16.0,1.0,50.0,0.0,1,75.0,0.747474730014801,3.0
74,0.0,0.0,1.0,19.0,-22.0,162.0,28.0,0.0,0.0,6.0,15.0,0.0,50.0,0.0,1,75.0,0.747474730014801,3.0
75,0.0,0.0,1.0,19.0,-22.0,162.0,28.0,0.0,0.0,6.0,14.0,4.0,50.0,1.0,1,75.0,0.808080792427063,3.0
76,0.0,0.0,1.0,19.0,-22.0,162.0,28.0,0.0,0.0,4.0,13.0,3.0,50.0,0.0,1,75.0,0.808080792427063,3.0
77,0.0,0.0,1.0,19.0,-22.0,162.0,28.0,0.0,0.0,6.0,12.0,2.0,50.0,0.0,1,75.0,0.808080792427063,3.0
78,0.0,0.0,1.0,19.0,-22.0,162.0,28.0,0.0,0.0,6.0,11.0,1.0,50.0,0.0,1,75.0,0.7373737096786499,3.0
79,0.0,0.0,1.0,19.0,-22.0,162.0,28.0,0.0,0.0,4.0,10.0,0.0,50.0,0.0,1,75.0,0.7373737096786499,3.0
80,0.0,0.0,1.0,19.0,-22.0,162.0,28.0,0.0,0.0,5.0,9.0,4.0,50.0,1.0,1,75.0,0.7373737096786499,3.0
81,0.0,0.0,1.0,19.0,-22.0,162.0,28.0,0.0,0.0,5.0,8.0,3.0,50.0,0.0,1,75.0,0.7373737096786499,3.0
82,0.0,0.0,1.0,19.0,-22.0,162.0,28.0,0.0,0.0,5.0,7.0,2.0,50.0,0.0,1,75.0,0.7373737096786499,3.0
83,0.0,0.0,1.0,19.0,-22.0,162.0,28.0,0.0,0.0,4.0,6.0,1.0,50.0,0.0,1,75.0,0.7373737096786499,3.0
84,0.0,0.0,1.0,19.0,-22.0,162.0,28.0,0.0,0.0,6.0,5.0,0.0,50.0,0.0,1,75.0,0.7373737096786499,3.0
85,0.0,0.0,1.0,19.0,-22.0,162.0,28.0,0.0,0.0,7.0,4.0,4.0,50.0,1.0,1,75.0,0.7373737096786499,3.0
86,0.0,0.0,1.0,19.0,-22.0,162.0,28.0,0.0,0.0,7.0,3.0,3.0,50.0,0.0,1,75.0,0.7676767706871033,3.0
87,0.0,0.0,1.0,19.0,-22.0,162.0,28.0,0.0,0.0,5.0,2.0,2.0,50.0,0.0,1,75.0,0.7676767706871033,3.0
88,0.0,0.0,1.0,19.0,-22.0,162.0,28.0,0.0,0.0,6.0,1.0,1.0,50.0,0.0,1,75.0,0.6767676472663879,3.0
89,0.0,0.0,1.0,19.0,-22.0,162.0,28.0,0.0,0.0,4.0,0.0,0.0,50.0,0.0,1,75.0,0.6767676472663879,3.0
90,0.0,0.0,1.0,19.0,-22.0,162.0,28.0,0.0,0.0,2.0,0.0,4.0,50.0,1.0,1,75.0,0.6767676472663879,3.0
91,0.0,0.0,1.0,19.0,-22.0,162.0,28.0,0.0,0.0,1.0,0.0,3.0,60.0,0.0,1,75.0,0.6767676472663879,3.0
92,0.0,0.0,1.0,19.0,-22.0,162.0,28.0,0.0,0.0,1.0,0.0,5.0,60.0,0.0,1,75.0,0.4848484992980957,3.0
93,0.0,0.0,1.0,19.0,-22.0,162.0,28.0,0.0,0.0,3.0,0.0,4.0,60.0,0.0,1,75.0,0.7070707082748413,3.0
94,0.0,0.0,1.0,19.0,-22.0,162.0,28.0,0.0,0.0,3.0,0.0,3.0,60.0,0.0,1,75.0,0.7070707082748413,3.0
95,0.0,0.0,1.0,19.0,-22.0,162.0,28.0,0.0,0.0,2.0,0.0,2.0,60.0,0.0,1,75.0,0.7070707082748413,3.0
96,0.0,0.0,1.0,19.0,-22.0,162.0,28.0,0.0,0.0,1.0,0.0,1.0,60.0,0.0,1,75.0,0.7070707082748413,3.0
97,0.0,0.0,1.0,19.0,-22.0,162.0,28.0,0.0,0.0,1.0,0.0,0.0,60.0,0.0,1,75.0,0.7070707082748413,3.0
98,0.0,0.0,1.0,19.0,-22.0,162.0,28.0,0.0,0.0,1.0,0.0,4.0,60.0,1.0,1,75.0,0.7070707082748413,3.0
99,0.0,0.0,1.0,19.0,-22.0,162.0,28.0,0.0,0.0,1.0,0.0,3.0,60.0,0.0,1,75.0,0.5858585834503174,3.0
100,0.0,0.0,1.0,19.0,-22.0,162.0,28.0,0.0,0.0,3.0,31.0,2.0,60.0,0.0,1,75.0,0.5959596037864685,3.0
101,0.0,0.0,1.0,19.0,-22.0,162.0,28.0,0.0,0.0,5.0,30.0,1.0,60.0,0.0,1,75.0,0.5959596037864685,3.0
102,0.0,0.0,1.0,19.0,-22.0,162.0,28.0,0.0,0.0,7.0,29.0,0.0,60.0,0.0,1,75.0,0.5959596037864685,3.0
103,0.0,0.0,1.0,19.0,-22.0,162.0,28.0,0.0,0.0,7.0,28.0,4.0,60.0,1.0,1,75.0,0.5959596037864685,3.0
104,0.0,0.0,1.0,19.0,-22.0,162.0,28.0,0.0,0.0,6.0,27.0,3.0,60.0,0.0,1,75.0,0.5959596037864685,3.0
105,0.0,0.0,1.0,19.0,-22.0,162.0,28.0,0.0,0.0,6.0,26.0,2.0,60.0,0.0,1,75.0,0.38383838534355164,3.0
106,0.0,0.0,1.0,19.0,-22.0,162.0,28.0,0.0,0.0,4.0,25.0,1.0,60.0,0.0,1,75.0,0.6060606241226196,3.0
107,0.0,0.0,1.0,19.0,-22.0,162.0,28.0,0.0,0.0,6.0,24.0,0.0,60.0,0.0,1,75.0,0.6060606241226196,3.0
108,0.0,0.0,1.0,19.0,-22.0,162.0,28.0,0.0,0.0,5.0,23.0,4.0,60.0,1.0,1,75.0,0.6060606241226196,3.0
109,0.0,0.0,1.0,19.0,-22.0,162.0,28.0,0.0,0.0,4.0,22.0,3.0,60.0,0.0,1,75.0,0.6060606241226196,3.0
110,0.0,0.0,1.0,19.0,-22.0,162.0,28.0,0.0,0.0,4.0,21.0,2.0,60.0,0.0,1,75.0,0.6060606241226196,3.0
111,0.0,0.0,1.0,19.0,-22.0,162.0,28.0,0.0,0.0,5.0,20.0,1.0,60.0,0.0,1,75.0,0.6060606241226196,3.0
112,0.0,0.0,1.0,19.0,-22.0,162.0,28.0,0.0,0.0,6.0,19.0,0.0,60.0,0.0,1,75.0,0.6060606241226196,3.0
113,0.0,0.0,1.0,19.0,-22.0,162.0,28.0,0.0,0.0,5.0,18.0,4.0,60.0,1.0,1,75.0,0.6060606241226196,3.0
114,0.0,0.0,1.0,19.0,-22.0,162.0,28.0,0.0,0.0,4.0,17.0,3.0,60.0,0.0,1,75.0,0.6060606241226196,3.0
115,0.0,0.0,1.0,19.0,-22.0,162.0,28.0,0.0,0.0,5.0,16.0,2.0,60.0,0.0,1,75.0,0.42424243688583374,3.0
116,0.0,0.0,1.0,19.0,-22.0,162.0,28.0,0.0,0.0,5.0,15.0,1.0,60.0,0.0,1,75.0,0.6464646458625793,3.0
117,0.0,0.0,1.0,19.0,-22.0,162.0,28.0,0.0,0.0,5.0,14.0,0.0,60.0,0.0,1,75.0,0.6464646458625793,3.0
118,0.0,0.0,1.0,19.0,-22.0,162.0,28.0,0.0,0.0,4.0,13.0,2.0,60.0,0.0,1,75.0,0.6464646458625793,3.0
119,0.0,0.0,1.0,19.0,-22.0,162.0,28.0,0.0,0.0,6.0,12.0,1.0,60.0,0.0,1,75.0,0.6464646458625793,3.0
120,0.0,0.0,1.0,19.0,-22.0,162.0,28.0,0.0,0.0,5.0,11.0,0.0,60.0,0.0,1,75.0,0.6464646458625793,3.0
121,0.0,0.0,1.0,19.0,-22.0,162.0,28.0,0.0,0.0,7.0,10.0,4.0,60.0,1.0,1,75.0,0.6464646458625793,3.0
122,0.0,0.0,1.0,19.0,-22.0,162.0,28.0,0.0,0.0,5.0,9.0,3.0,60.0,0.0,1,75.0,0.6464646458625793,3.0
123,0.0,0.0,1.0,19.0,-22.0,162.0,28.0,0.0,0.0,4.0,8.0,2.0,60.0,0.0,1,75.0,0.6363636255264282,3.0
124,0.0,0.0,1.0,19.0,-22.0,162.0,28.0,0.0,0.0,4.0,7.0,1.0,60.0,0.0,1,75.0,0.6363636255264282,3.0
125,0.0,0.0,1.0,19.0,-22.0,162.0,28.0,0.0,0.0,4.0,6.0,0.0,60.0,0.0,1,75.0,0.6363636255264282,3.0
126,0.0,0.0,1.0,19.0,-22.0,162.0,28.0,0.0,0.0,4.0,5.0,4.0,60.0,1.0,1,75.0,0.6363636255264282,3.0
127,0.0,0.0,1.0,19.0,-22.0,162.0,28.0,0.0,0.0,6.0,4.0,3.0,60.0,0.0,1,75.0,0.6363636255264282,3.0
128,0.0,0.0,1.0,19.0,-22.0,162.0,28.0,0.0,0.0,4.0,3.0,2.0,60.0,0.0,1,75.0,0.49494948983192444,3.0
129,0.0,0.0,1.0,19.0,-22.0,162.0,28.0,0.0,0.0,6.0,2.0,1.0,60.0,0.0,1,75.0,0.49494948983192444,3.0
130,0.0,0.0,1.0,19.0,-22.0,162.0,28.0,0.0,0.0,5.0,1.0,0.0,60.0,0.0,1,75.0,0.49494948983192444,3.0
131,0.0,0.0,1.0,19.0,-22.0,162.0,28.0,0.0,0.0,7.0,0.0,4.0,60.0,1.0,1,75.0,0.49494948983192444,3.0
132,0.0,0.0,1.0,19.0,-22.0,162.0,28.0,0.0,0.0,5.0,0.0,3.0,60.0,0.0,1,75.0,0.49494948983192444,3.0
133,0.0,0.0,1.0,19.0,-22.0,162.0,28.0,0.0,0.0,4.0,0.0,2.0,60.0,0.0,1,75.0,0.3030303120613098,3.0
134,0.0,0.0,1.0,19.0,-22.0,162.0,28.0,0.0,0.0,2.0,0.0,1.0,60.0,0.0,1,75.0,0.3030303120613098,3.0
135,0.0,0.0,1.0,19.0,-22.0,162.0,28.0,0.0,0.0,3.0,0.0,0.0,60.0,0.0,1,75.0,0.3030303120613098,3.0
136,0.0,0.0,1.0,19.0,-22.0,162.0,28.0,0.0,0.0,1.0,0.0,4.0,60.0,1.0,1,75.0,0.3030303120613098,3.0
137,0.0,0.0,1.0,19.0,-22.0,162.0,28.0,0.0,0.0,1.0,31.0,3.0,60.0,0.0,1,75.0,0.3030303120613098,3.0
138,0.0,0.0,1.0,19.0,-22.0,162.0,28.0,0.0,0.0,3.0,30.0,2.0,60.0,0.0,1,75.0,0.3030303120613098,3.0
139,0.0,0.0,1.0,19.0,-22.0,162.0,28.0,0.0,0.0,5.0,29.0,1.0,60.0,0.0,1,75.0,0.3030303120613098,3.0
140,0.0,0.0,1.0,19.0,-22.0,162.0,28.0,0.0,0.0,4.0,28.0,0.0,60.0,0.0,1,75.0,0.3030303120613098,3.0
141,0.0,0.0,1.0,19.0,-22.0,162.0,28.0,0.0,0.0,4.0,27.0,4.0,70.0,1.0,1,75.0,0.3030303120613098,3.0
142,0.0,0.0,1.0,19.0,-22.0,162.0,28.0,0.0,0.0,6.0,26.0,3.0,70.0,0.0,1,75.0,0.3030303120613098,3.0
143,0.0,0.0,1.0,19.0,-22.0,162.0,28.0,0.0,0.0,5.0,25.0,2.0,70.0,0.0,1,75.0,0.3030303120613098,3.0
144,0.0,0.0,1.0,19.0,-22.0,162.0,28.0,0.0,0.0,7.0,24.0,1.0,70.0,0.0,1,75.0,0.3030303120613098,3.0
145,0.0,0.0,1.0,19.0,-22.0,162.0,28.0,0.0,0.0,6.0,23.0,0.0,70.0,0.0,1,75.0,0.3030303120613098,3.0
146,0.0,0.0,1.0,19.0,-22.0,162.0,28.0,0.0,0.0,6.0,22.0,4.0,70.0,1.0,1,75.0,0.35353535413742065,3.0
147,0.0,0.0,1.0,19.0,-22.0,162.0,28.0,0.0,0.0,6.0,21.0,3.0,70.0,0.0,1,75.0,0.35353535413742065,3.0
148,0.0,0.0,1.0,19.0,-22.0,162.0,28.0,0.0,0.0,4.0,20.0,2.0,70.0,0.0,1,75.0,0.2222222238779068,3.0
149,0.0,0.0,1.0,19.0,-22.0,162.0,28.0,0.0,0.0,4.0,19.0,1.0,70.0,0.0,1,75.0,0.2222222238779068,3.0
150,0.0,0.0,1.0,19.0,-22.0,162.0,28.0,0.0,0.0,6.0,18.0,0.0,70.0,0.0,1,75.0,0.2222222238779068,3.0
151,0.0,0.0,1.0,19.0,-22.0,162.0,28.0,0.0,0.0,6.0,17.0,4.0,70.0,1.0,1,75.0,0.3030303120613098,3.0
152,0.0,0.0,1.0,19.0,-22.0,162.0,28.0,0.0,0.0,4.0,16.0,6.0,70.0,0.0,1,75.0,0.3030303120613098,3.0
153,0.0,0.0,1.0,19.0,-22.0,162.0,28.0,0.0,0.0,4.0,15.0,5.0,70.0,0.0,1,75.0,0.3030303120613098,3.0
154,0.0,0.0,1.0,19.0,-22.0,162.0,28.0,0.0,0.0,4.0,14.0,4.0,70.0,0.0,1,75.0,0.3030303120613098,3.0
155,0.0,0.0,1.0,19.0,-22.0,162.0,28.0,0.0,0.0,5.0,13.0,3.0,70.0,0.0,1,75.0,0.3030303120613098,3.0
156,0.0,0.0,1.0,19.0,-22.0,162.0,28.0,0.0,0.0,4.0,12.0,5.0,70.0,0.0,1,75.0,0.3030303120613098,3.0
157,0.0,0.0,1.0,19.0,-22.0,162.0,28.0,0.0,0.0,6.0,11.0,4.0,70.0,0.0,1,75.0,0.3030303120613098,3.0
158,0.0,0.0,1.0,19.0,-22.0,162.0,28.0,0.0,0.0,5.0,10.0,3.0,70.0,0.0,1,75.0,0.3030303120613098,3.0
159,0.0,0.0,1.0,19.0,-22.0,162.0,28.0,0.0,0.0,6.0,9.0,2.0,70.0,0.0,1,75.0,0.3030303120613098,3.0
160,0.0,0.0,1.0,19.0,-22.0,162.0,28.0,0.0,0.0,5.0,8.0,1.0,70.0,0.0,1,75.0,0.3030303120613098,3.0
161,0.0,0.0,1.0,19.0,-22.0,162.0,28.0,0.0,0.0,5.0,7.0,0.0,70.0,0.0,1,75.0,0.35353535413742065,3.0
162,0.0,0.0,1.0,19.0,-22.0,162.0,28.0,0.0,0.0,7.0,6.0,4.0,70.0,1.0,1,75.0,0.35353535413742065,3.0
163,0.0,0.0,1.0,19.0,-22.0,162.0,28.0,0.0,0.0,5.0,5.0,3.0,70.0,0.0,1,75.0,0.35353535413742065,3.0
164,0.0,0.0,1.0,19.0,-22.0,162.0,28.0,0.0,0.0,6.0,4.0,2.0,70.0,0.0,1,75.0,0.14141413569450378,3.0
165,0.0,0.0,1.0,19.0,-22.0,162.0,28.0,0.0,0.0,5.0,3.0,1.0,70.0,0.0,1,75.0,0.14141413569450378,3.0
166,0.0,0.0,1.0,19.0,-22.0,162.0,28.0,0.0,0.0,7.0,2.0,0.0,70.0,0.0,1,75.0,0.14141413569450378,3.0
167,0.0,0.0,1.0,19.0,-22.0,162.0,28.0,0.0,0.0,5.0,1.0,4.0,70.0,1.0,1,75.0,0.14141413569450378,3.0
168,0.0,0.0,1.0,19.0,-22.0,162.0,28.0,0.0,0.0,5.0,0.0,3.0,70.0,0.0,1,75.0,0.14141413569450378,3.0
169,0.0,0.0,1.0,19.0,-22.0,162.0,28.0,0.0,0.0,3.0,0.0,5.0,70.0,0.0,1,75.0,0.07070706784725189,3.0
170,0.0,0.0,1.0,19.0,-22.0,162.0,28.0,0.0,0.0,1.0,0.0,4.0,70.0,0.0,1,75.0,0.07070706784725189,3.0
171,0.0,0.0,1.0,19.0,-22.0,162.0,28.0,0.0,0.0,1.0,0.0,3.0,70.0,0.0,1,75.0,0.07070706784725189,3.0
172,0.0,0.0,1.0,19.0,-22.0,162.0,28.0,0.0,0.0,1.0,0.0,2.0,70.0,0.0,1,75.0,0.07070706784725189,3.0
173,0.0,0.0,1.0,19.0,-22.0,162.0,28.0,0.0,0.0,1.0,0.0,1.0,70.0,0.0,1,75.0,0.07070706784725189,3.0
174,0.0,0.0,1.0,19.0,-22.0,162.0,28.0,0.0,0.0,3.0,0.0,0.0,70.0,0.0,1,75.0,0.07070706784725189,3.0
175,0.0,1.0,0.0,82.0,116.0,0.0,84.0,31.0,0.0,1.0,0.0,4.0,70.0,1.0,1,0.0,0.07070706784725189,2.0
176,0.0,1.0,0.0,82.0,116.0,0.0,84.0,31.0,0.0,1.0,0.0,3.0,70.0,0.0,1,0.0,0.07070706784725189,2.0
177,0.0,1.0,0.0,82.0,116.0,0.0,84.0,31.0,0.0,1.0,0.0,2.0,70.0,0.0,1,0.0,0.07070706784725189,2.0
178,0.0,0.0,1.0,19.0,-22.0,162.0,28.0,0.0,0.0,1.0,0.0,1.0,70.0,0.0,1,75.0,0.07070706784725189,2.0
179,0.0,0.0,1.0,19.0,-22.0,162.0,28.0,0.0,0.0,1.0,0.0,0.0,70.0,0.0,1,75.0,0.07070706784725189,2.0
180,0.0,0.0,1.0,19.0,-22.0,162.0,28.0,0.0,0.0,1.0,0.0,4.0,70.0,1.0,1,75.0,0.07070706784725189,3.0
--- FIGHT ENDED @ 2026-04-20 20:38:45 ticks=181 ---

